id,name,username,email
1,LEANNE GRAHAM,Bret,sincere@april.biz
2,ERVIN HOWELL,Antonette,shanna@melissa.tv
3,CLEMENTINE BAUCH,Samantha,nathan@yesenia.net
4,PATRICIA LEBSACK,Karianne,julianne.oconner@kory.org
5,CHELSEY DIETRICH,Kamren,lucio_hettinger@annie.ca
6,MRS. DENNIS SCHULIST,Leopoldo_Corkery,karley_dach@jasper.info
7,KURTIS WEISSNAT,Elwyn.Skiles,telly.hoeger@billy.biz
8,NICHOLAS RUNOLFSDOTTIR V,Maxime_Nienow,sherwood@rosamond.me
9,GLENNA REICHERT,Delphine,chaim_mcdermott@dana.io
10,CLEMENTINA DUBUQUE,Moriah.Stanton,rey.padberg@karina.biz
