transaction_id,account_number,customer_id,transaction_type,amount,balance_after,date
T001,A1001,C001,Deposit,5000,15000,2026-09-15
T002,A1001,C001,Withdrawal,2000,13000,2026-09-15
T003,A1001,C001,Transfer Out,3000,10000,2026-09-15
T001,A1002,C002,Deposit,10000,15000,2026-09-15
T002,A1002,C002,Withdrawal,1500,13500,2026-09-15
T003,A1002,C002,Transfer In,3000,16500,2026-09-15
T004,A1002,C002,Transfer Out,2500,14000,2026-09-15
T001,A1003,C003,Deposit,4000,12000,2026-09-15
T002,A1003,C003,Transfer In,2500,14500,2026-09-15
